n,p,d,rel_imp,irrel_imp,rand_imp,train_auc,valid_auc,test_auc,fn_rel,fp_irrel,fp_rand
50,6,4,0.2076626614871707,0.06745704948207386,0.09557588214485924,0.8984375,1.0,0.8333333333333334,0.0,0.3333333333333333,0.5
50,60,40,0.004830936939602458,0.011655672851376862,0.011732105693489408,1.0,1.0,0.08333333333333333,0.6086956521739131,0.5555555555555556,0.525
50,600,400,0.0007408851140605547,0.0009979691898747312,0.001031249545744008,0.6491228070175439,1.0,0.5625,0.5,0.5098389982110912,0.485
500,6,4,0.20347753447530392,0.12064449326307383,0.03706960251198518,0.9779475982532752,1.0,0.9671052631578948,0.3333333333333333,1.0,0.0
500,60,40,0.016592403597463466,0.014598735046117818,0.002569714958870679,0.9956667892221229,0.92578125,0.7065527065527066,0.5,0.5853658536585366,0.425
500,600,400,0.0010269717251881487,0.0017648846170198822,3.602916228192192e-05,0.9955825097334532,0.9909420289855073,0.9377777777777777,0.0,0.21314741035856574,0.1225
5000,6,4,0.17947663656963264,0.27775976697072285,0.00108342168768665,0.9155703858018026,0.9250787826781671,0.939254308235016,0.0,1.0,0.0
5000,60,40,0.0065819481344308985,0.019309041543786275,1.9114410487970055e-05,0.9980311632551959,0.9967481135465326,0.9952396694214876,0.0,0.4791666666666667,0.3
5000,600,400,0.000994535496871797,0.002498932502070937,3.282504005504285e-05,0.991291307207767,0.9255988224274052,0.9400635664101706,0.0,0.06153846153846154,0.025
